{"Edinburgh": {"Latitude": 55.950785, "Longitude": -3.3614532}, "Hamburg": {"Latitude": 53.633622, "Longitude": 9.9974128}, "Milan": {"Latitude": 45.6300625, "Longitude": 8.7255307}, "Lille": {"Latitude": 37.8834835, "Longitude": -97.2569176}, "Palermo": {"Latitude": 38.1824001, "Longitude": 13.1005819}, "Santander": {"Latitude": 43.4265657, "Longitude": -3.8217863}, "Valencia": {"Latitude": 39.4892327, "Longitude": -0.4780256}, "Santiago De Compostela": {"Latitude": 42.8967174, "Longitude": -8.416197799999999}, "Oran": {"Latitude": 35.6202476, "Longitude": -0.6061329999999999}, "Catania": {"Latitude": 41.97766499999999, "Longitude": -87.90422099999999}, "Oslo": {"Latitude": 60.1975501, "Longitude": 11.1004152}, "Pisa": {"Latitude": 43.6890842, "Longitude": 10.3978845}, "Vienna": {"Latitude": 48.1158333, "Longitude": 16.5665751}, "Valladolid": {"Latitude": 42.5422861, "Longitude": -83.1799849}, "Stuttgart": {"Latitude": 48.6876365, "Longitude": 9.205575999999999}, "Brest": {"Latitude": 48.4476378, "Longitude": -4.417832400000001}, "Toulouse": {"Latitude": 43.6293863, "Longitude": 1.367682}, "Tenerife": {"Latitude": 28.0467575, "Longitude": -16.5725303}, "Bari": {"Latitude": 41.137508, "Longitude": 16.765202}, "Nuremberg": {"Latitude": 49.4971202, "Longitude": 11.079808}, "Kiev": {"Latitude": 50.4119806, "Longitude": 30.44329239999999}, "Gothenburg": {"Latitude": 57.668799, "Longitude": 12.292314}, "Cagliari": {"Latitude": 39.2510795, "Longitude": 9.0556777}, "Hanover": {"Latitude": 52.4618486, "Longitude": 9.6889919}, "Aalborg": {"Latitude": 57.0969187, "Longitude": 9.8564632}, "Vantaa": {"Latitude": 60.32104159999999, "Longitude": 24.9528604}, "Tangier": {"Latitude": 35.72659549999999, "Longitude": -5.9150683}, "Puerto del Rosario": {"Latitude": 28.452384, "Longitude": -13.866851}, "Moscow": {"Latitude": 55.41030689999999, "Longitude": 37.9024513}, "Marseille": {"Latitude": 43.4384235, "Longitude": 5.214414}, "San Sebastian": {"Latitude": 43.3564269, "Longitude": -1.7909366}, "Reykjavik": {"Latitude": 63.97860290000001, "Longitude": -22.635036}, "Manchester": {"Latitude": 42.929687, "Longitude": -71.4352177}, "Malaga": {"Latitude": 36.6791135, "Longitude": -4.4945093}, "Alicante": {"Latitude": 38.285483, "Longitude": -0.560056}, "Barcelona": {"Latitude": 41.297445, "Longitude": 2.0832941}, "Bilbao": {"Latitude": 43.302494, "Longitude": -2.911116}, "Ibiza": {"Latitude": 38.8748594, "Longitude": 1.3712232}, "London": {"Latitude": 51.1536621, "Longitude": -0.1820629}, "Madrid": {"Latitude": 40.4983322, "Longitude": -3.5675982}, "Gudja": {"Latitude": 35.8541135, "Longitude": 14.4832795}, "Nantes": {"Latitude": 47.15741879999999, "Longitude": -1.6062316}, "Rhodes": {"Latitude": 36.4026208, "Longitude": 28.0911003}, "Lisbon": {"Latitude": 38.7755936, "Longitude": -9.135366699999999}, "Banjul": {"Latitude": 13.3439094, "Longitude": -16.6522851}, "Venice": {"Latitude": 45.5046844, "Longitude": 12.3466295}, "Algiers": {"Latitude": 42.0054139, "Longitude": -87.89988869999999}, "Belgrade": {"Latitude": 44.820498, "Longitude": 20.291691}, "Budapest": {"Latitude": 47.4384587, "Longitude": 19.2522958}, "Porto": {"Latitude": 41.2421186, "Longitude": -8.6785514}, "Vigo": {"Latitude": 42.23113379999999, "Longitude": -8.626896499999999}, "Zurich": {"Latitude": 47.4582165, "Longitude": 8.5554755}, "Granada": {"Latitude": 37.1848704, "Longitude": -3.7775162}, "La Coruna": {"Latitude": 43.301164, "Longitude": -8.3792087}, "Las Palmas": {"Latitude": 27.9331848, "Longitude": -15.3877066}, "Paris": {"Latitude": 48.7262433, "Longitude": 2.3652472}, "Asturias": {"Latitude": 43.5623823, "Longitude": -6.0334979}, "Palma Mallorca": {"Latitude": 39.5517407, "Longitude": 2.7361649}, "Sevilla": {"Latitude": 37.4201674, "Longitude": -5.89305}, "Tel Aviv Yafo": {"Latitude": 32.005532, "Longitude": 34.8854112}, "Bordeaux": {"Latitude": 44.8305935, "Longitude": -0.7103052}, "Mikonos": {"Latitude": 37.433958, "Longitude": 25.34605}, "Lanzarote": {"Latitude": 28.950438, "Longitude": -13.6057769}, "Krakow": {"Latitude": 50.0769776, "Longitude": 19.7881188}, "Kerkyra": {"Latitude": 39.6083865, "Longitude": 19.9128115}, "Rome": {"Latitude": 41.7998868, "Longitude": 12.2462384}, "Kos": {"Latitude": 36.8013741, "Longitude": 27.0905256}, "St Petersburg": {"Latitude": 59.80291259999999, "Longitude": 30.2678391}, "Olbia": {"Latitude": 40.8998985, "Longitude": 9.5177142}, "Brindisi": {"Latitude": 40.6567625, "Longitude": 17.9453492}, "Menorca": {"Latitude": 39.8654186, "Longitude": 4.2220324}, "Brussels": {"Latitude": 50.900999, "Longitude": 4.4855744}, "Haarlemmermeer": {"Latitude": 52.3105386, "Longitude": 4.7682744}, "Stockholm": {"Latitude": 59.6497622, "Longitude": 17.9237807}, "Athens": {"Latitude": 37.9356467, "Longitude": 23.9484156}, "Beirut": {"Latitude": 33.8193756, "Longitude": 35.4912043}, "Copenhagen": {"Latitude": 55.6180236, "Longitude": 12.6507628}, "Dusseldorf": {"Latitude": 51.2876146, "Longitude": 6.7667912}, "Heraklion": {"Latitude": 35.3395798, "Longitude": 25.1747483}, "Naples": {"Latitude": 40.8847493, "Longitude": 14.289243}, "Turin": {"Latitude": 45.1965359, "Longitude": 7.647867000000001}, "Thira": {"Latitude": 36.4003185, "Longitude": 25.4776476}, "Almeria": {"Latitude": 36.84464699999999, "Longitude": -2.3731477}, "Lyon": {"Latitude": 45.7234181, "Longitude": 5.0887768}, "Munich": {"Latitude": 48.3536621, "Longitude": 11.7750279}, "Nice": {"Latitude": 43.6597689, "Longitude": 7.214821400000001}, "Nador": {"Latitude": 34.9943017, "Longitude": -3.0249304}, "Bucharest": {"Latitude": 44.5707306, "Longitude": 26.0844123}, "Prague": {"Latitude": 50.10179100000001, "Longitude": 14.2631811}, "Rennes": {"Latitude": 48.06978429999999, "Longitude": -1.734365}, "Berlin": {"Latitude": 52.5588327, "Longitude": 13.2884374}, "Jerez De La Frontera": {"Latitude": 36.7452935, "Longitude": -6.0608778}, "Fez": {"Latitude": 33.9288242, "Longitude": -4.979356999999999}, "Florence": {"Latitude": 43.8086534, "Longitude": 11.2012247}, "Marrakech": {"Latitude": 33.9627128, "Longitude": -117.4374224}, "Split": {"Latitude": 43.5384387, "Longitude": 16.2983384}, "Zagreb": {"Latitude": 45.7407504, "Longitude": 16.0674366}, "Santa Cruz De La Palma": {"Latitude": 28.622356, "Longitude": -17.7548144}, "Minsk": {"Latitude": 53.88920299999999, "Longitude": 28.0342349}, "Zakinthos Is": {"Latitude": 37.754438, "Longitude": 20.886614}, "Geneva": {"Latitude": 46.23700969999999, "Longitude": 6.1091564}, "Preveza/Lefkas": {"Latitude": 38.9310622, "Longitude": 20.7724879}, "Bologna": {"Latitude": 44.5345216, "Longitude": 11.2878593}, "Genoa": {"Latitude": 15.3803485, "Longitude": 73.8349952}, "Tunis": {"Latitude": 36.8458578, "Longitude": 10.2190745}, "Zadar": {"Latitude": 44.0964983, "Longitude": 15.3533664}, "Cardiff": {"Latitude": 51.3981929, "Longitude": -3.345457}, "Dubrovnik": {"Latitude": 42.5602173, "Longitude": 18.2621926}, "Larnaca": {"Latitude": 34.8723402, "Longitude": 33.6203516}, "Mulhouse/Basel": {"Latitude": 47.5981647, "Longitude": 7.525485499999999}, "Dublin": {"Latitude": 53.42644809999999, "Longitude": -6.249909799999999}, "Montpellier": {"Latitude": 43.5795991, "Longitude": 3.9652372}, "Milan/bergamo": {"Latitude": 45.66957070000001, "Longitude": 9.7036313}, "Karpathos": {"Latitude": 35.4204316, "Longitude": 27.1469226}, "Birmingham": {"Latitude": 52.45238209999999, "Longitude": -1.7435071}, "Faro": {"Latitude": 37.0175956, "Longitude": -7.96972}, "Lampedusa": {"Latitude": 35.5006995, "Longitude": 12.618921}, "Zaragoza": {"Latitude": 41.6633698, "Longitude": -1.0080181}, "Verona": {"Latitude": 45.4000011, "Longitude": 10.8901406}, "Dakar": {"Latitude": 14.6708543, "Longitude": -17.0673475}, "Alghero": {"Latitude": 40.6307121, "Longitude": 8.2977661}, "Calvi": {"Latitude": 42.52528179999999, "Longitude": 8.790031299999999}, "Salzburg": {"Latitude": 47.7926466, "Longitude": 13.0029274}, "Liverpool": {"Latitude": 53.3358627, "Longitude": -2.8550475}}